Review,Sentiment
This book is amazing and very interesting,Positive
I love this product,Positive
The book is okay,Positive
Very disappointing and boring,Negative
Worst purchase ever,Negative
Excellent quality and great value,Positive
Absolutely fantastic experience,Positive
Not worth the money,Negative
Highly recommended,Positive
Average product,Negative
Terrible quality,Negative
Superb content and presentation,Positive
I am very happy with this purchase,Positive
Could be better,Positive
Outstanding work,Positive
Poor packaging,Negative
Loved every chapter,Positive
Waste of time,Negative
Very useful and informative,Positive
Decent but not great,Negative
